Ziekenhuisnummer;Organisatienummer;Naam organisatie;Adres;Naam ziekenhuis;Soort ziekenhuis;Type;Postcode;pc_nr6;Plaats;;;;;;;;;;;;;;;
102404;102401;Stichting Reinier Haga Groep;Zandeveltplein 3;HagaZiekenhuis Zorgplein Westland;Buitenpolikliniek;3;2692 AH;2692AH;’s-Gravenzande;;;;;;;;;;;;;;;
103807;103801;Haaglanden Medisch Centrum;Bronovolaan 3;Bronovo Buitenpoli Hubertusduin;Buitenpolikliniek;3;2597 AX;2597AX;Den Haag;;;;;;;;;;;;;;;
103808;103801;Haaglanden Medisch Centrum;Hofcampweg 65;Bronovo Buitenpoli Wassenaar;Buitenpolikliniek;3;2241 KE;2241KE;Wassenaar;;;;;;;;;;;;;;;
107806;107801;Franciscus Gasthuis & Vlietland Groep;Stelle 8;Franciscus  Hoogvliet;Buitenpolikliniek;3;3191 KE;3191KE;Hoogvliet;;;;;;;;;;;;;;;
100901;100901;Canisius-Wilhelmina Ziekenhuis;Weg door Jonkerbos 100;Canisius-Wilhelmina Ziekenhuis;Algemeen ziekenhuis;2;6532 SZ;6532SZ;Nijmegen;;;;;;;;;;;;;;;
100903;100901;Canisius-Wilhelmina Ziekenhuis;Kerkeland 3;Canisius-Wilhelmina Ziekenhuis Druten;Buitenpolikliniek;3;6651 KN;6651KN;Druten;;;;;;;;;;;;;;;
100902;100901;Canisius-Wilhelmina Ziekenhuis;Carbatinastraat 4;Canisius-Wilhelmina Ziekenhuis Waalsprong;Buitenpolikliniek;3;6679 GM;6679GM;Oosterhout;;;;;;;;;;;;;;;
101001;101001;Catharina Ziekenhuis;Michelangelolaan 2;Catharina Ziekenhuis;Algemeen ziekenhuis;2;5623 EJ;5623EJ;Eindhoven;;;;;;;;;;;;;;;
109206;109201;Zorgpartners Friesland;Thialfweg 44;De Tjongerschans Heerenveen;Algemeen ziekenhuis;2;8441 PW;8441PW;Heerenveen;;;;;;;;;;;;;;;
109205;109201;Zorgpartners Friesland;Van Rijgersmapark 1;De Tjongerschans Polikliniek Lemmer;Buitenpolikliniek;3;8531 JA;8531JA;Lemmer;;;;;;;;;;;;;;;
109203;109201;Zorgpartners Friesland;Mr. Zigher ter Steghestraat 9;De Tjongerschans Polikliniek Steenwijk;Buitenpolikliniek;3;8331 KG;8331KG;Steenwijk;;;;;;;;;;;;;;;
109204;109201;Zorgpartners Friesland;Abe Lenstra Boulevard 21;De Tjongerschans Polikliniek Sportstad;Buitenpolikliniek;3;8448 JA;8448JA;Heerenveen;;;;;;;;;;;;;;;
101201;101201;Ommelander Ziekenhuis Groep;Jachtlaan 50;Ommelander Ziekenhuis Groep locatie Delfzicht;Algemeen ziekenhuis;1;9934 JD;9934JD;Delfzijl;;;;;;;;;;256465;594437;GR;;;
101202;101201;Ommelander Ziekenhuis Groep;Gassingel 18;Ommelander Ziekenhuis Groep locatie Lucas;Algemeen ziekenhuis;2;9671 CX;9671CX;Winschoten;;;;;;;;;;;;;;;
101203;101201;Ommelander Ziekenhuis Groep;Steenstraat 10;Ommelander Ziekenhuis Groep Servicepunt  Veendam;Buitenpolikliniek;3;9646 BA;9646BA;Veendam;;;;;;;;;;;;;;;
101301;101301;Alrijne Zorggroep;Houtlaan 55;Alrijne Leiden;Algemeen ziekenhuis;2;2334 CK;2334CK;Leiden;;;;;;;;;;;;;;;
105103;105101;Rode Kruis Ziekenhuis;Mozartstraat 91;Rode Kruis Ziekenhuis Polikliniek Ijmuiden;Buitenpolikliniek;3;1962 AB;1962AB;Heemskerk;;;;;;;;;;;;;;;
107502;107501;Universitair Medisch Centrum St. Radboud;Geert Grooteplein-Zuid 10;Radboud UMC Amalia kinderziekenhuis;Kinderziekenhuis;4;6525 GA;6525GA;Nijmegen;;;;;;;;;;;;;;;
107705;107701;VieCuri Medisch Centrum;Broeklaan 4;VieCuri Medisch Centrum Regiopoli Reuver;Buitenpoliklniek;3;5953 NB;5853NB;Reuver;;;;;;;;;;;;;;;
109005;109001;Ziekenhuisgroep Twente;Wijnand Zeeuwtraat 26-101;Ziekenhuisgroep Twente Buitenpolikliniek Rijssen;Buitenpolikliniek;3;7462 DE;7462DE;Rijssen;;;;;;;;;;;;;;;
109006;109001;Ziekenhuisgroep Twente;Hoofdweg 132;Ziekenhuisgroep Twente Buitenpolikliniek Westerhaar;Buitenpolikliniek;3;7676 AJ;7676AJ;Westerhaar;;;;;;;;;;;;;;;
109007;109001;Ziekenhuisgroep Twente;De Meijer 1;Ziekenhuisgroep Twente Buitenpost Ootmarsum;Buitenpolikliniek;3;7631 AM;7631AM;Ootmarsum;;;;;;;;;;;;;;;
109008;109001;Ziekenhuisgroep Twente;De aanleg 17;Ziekenhuisgroep Twente Buitenpost Geesteren;Buitenpolikliniek;3;7678 VZ;7678VZ;Geesteren;;;;;;;;;;;;;;;
108805;108801;ZorgSaam Zeeuws-Vlaanderen;Park Veldzigt 27-29;Zorgsaam Zeeuw-Vlaanderen Cardiologie centrum Middelburg;Buitenpolikliniek;3;4336 DR;4336DE;Middelburg;;;;;;;;;;;;;;;
100905;100901;Canisius-Wilhelmina Ziekenhuis;Weg door Jonkerbos 90;Canisius-Wilhelmina Polikliniek Plastische  chirurgie en Sportgeneeskunde;Buitenpolikliniek;3;6532 SZ;6532SZ;Nijmegen;;;;;;;;;;;;;;;
103809;103801;Haaglanden Medisch Centrum;Krimrade 20;Diagnostisch Centrum Voorschoten;Buitenpolikliniek;3;2251 KA;2251KA;Voorschoten;;;;;;;;;;;;;;;
103810;103801;Haaglanden Medisch Centrum;Rijswijkseweg 77;Diagnostisch Centrum Haaglanden;Buitenpolikliniek;3;2516 EE;2516EE;Den Haag;;;;;;;;;;;;;;;
101303;101301;Alrijne Zorggroep;Randweg 47;Alrijne Ziekenhuis Buitenlocatie  Katwijk;Buitenpolikliniek;3;2224 AX;2224AX;Katwijk;;;;;;;;;;;;;;;
101304;101301;Alrijne Zorggroep;Rusthofflaan 50a;Alrijne Ziekenhuis Buitenlocatie Sassenheim;Buitenpolikliniek;3;2171 EX;2171EX;Sassenheim;;;;;;;;;;;;;;;
101403;101401;Diakonessenhuis;Bergweg 2;Diakonessenhuis Buitenpolikliniek Doorn;Buitenpolikliniek;3;3941 RB;3941RB;Doorn;;;;;;;;;;;;;;;
101401;101401;Diakonessenhuis;Bosboomstraat 1;Diakonessenhuis Utrecht;Algemeen ziekenhuis;2;3582 KE;3582KE;Utrecht;;;;;;;;;;;;;;;
101402;101401;Diakonessenhuis;Prof. Lorentzlaan 76;Diakonessenhuis Zeist;Algemeen ziekenhuis;2;3707 HL;3707HL;Zeist;;;;;;;;;;;;;;;
101701;101701;Elkerliek Ziekenhuis;Wesselmanlaan 25;Elkerliek Ziekenhuis Helmond;Algemeen ziekenhuis;2;5707 HA;5707HA;Helmond;;;;;;;;;;;;;;;
101702;101701;Elkerliek Ziekenhuis;Dunantweg 16;Elkerliek Ziekenhuis Deurne;Buitenpolikliniek;3;5751 CB;5751CB;Deurne;;;;;;;;;;;;;;;
101703;101701;Elkerliek Ziekenhuis;Julianastraat 2;Elkerliek Ziekenhuis Gemert;Buitenpolikliniek;3;5421 DB;5421DB;Gemert;;;;;;;;;;;;;;;
101802;101801;Erasmus Medisch Centrum;Dr. Molenwaterplein 60;Erasmus Medisch Centrum Sophia;Kinderziekenhuis;1;3015 GJ;3015GJ;Rotterdam;;;;;;;;;;;;;;;
101803;101801;Erasmus Medisch Centrum;Groene hilledijk 301;Erasmus Medisch Centrum Kanker Instituut;Algemeen ziekenhuis;2;3075 EA;3075EA;Rotterdam;;;;;;;;;;;;;;;
101801;101801;Erasmus Medisch Centrum;'s-Gravendijkwal 230;Erasmus Medisch Centrum;Academisch ziekenhuis;1;3015 CE;3015CE;Rotterdam;;;;;;;;;;;;;;;
101901;101901;Flevoziekenhuis;Hospitaalweg 1;Flevoziekenhuis;Algemeen ziekenhuis;2;1315 RA;1315RA;Almere;;;;;;;;;;;;;;;
102001;102001;Bravis Ziekenhuis;Boerhaavelaan 25;Bravis Ziekenhuis Bergen op Zoom;Algemeen ziekenhuis;2;4708 AE;4708AE;Roosendaal;;;;;;;;;;;;;;;
102003;102001;Bravis Ziekenhuis;Schoonhout 215;Bravis Ziekenhuis Polikliniek Etten-Leur;Buitenpolikliniek;3;4872 MC;4872MC;Etten-Leur;;;;;;;;;;;;;;;
102002;102001;Bravis Ziekenhuis;West-Vaardeke 11A;Bravis Ziekenhuis Oudenbosch Medisch Centrum;Buitenpolikliniek;3;4731 MA;4731MA;Oudenbosch;;;;;;;;;;;;;;;
102103;102101;Gelre Ziekenhuizen;A. Schweitzerlaan 31;Gelre Ziekenhuizen Apeldoorn;Algemeen ziekenhuis;2;7334 DZ;7334DZ;Apeldoorn;;;;;;;;;;;;;;;
102101;102101;Gelre Ziekenhuizen;Den Elterweg 77;Gelre Ziekenhuizen Zutphen;Algemeen ziekenhuis;2;7207 AE;7207AE;Zutphen;;;;;;;;;;;;;;;
102106;102101;Gelre Ziekenhuizen;Wilhelminaweg 80AA;Gelre Ziekenhuizen Polikliniek Dieren;Buitenpolikliniek;3;6951 BR;6951BR;Dieren;;;;;;;;;;;;;;;
102105;102101;Gelre Ziekenhuizen;Willem Tellstraat 17;Gelre Ziekenhuizen Polikliniek Epe;Buitenpolikliniek;3;8162 ET;8162ET;Epe;;;;;;;;;;;;;;;
102104;102101;Gelre Ziekenhuizen;Zwiepseweg 105;Gelre Ziekenhuizen Polikliniek Lochem;Buitenpolikliniek;3;7241 GR;7241GR;Lochem;;;;;;;;;;;;;;;
102301;102301;Groene Hart Ziekenhuis;Bleulandweg 10;Groene Hart Ziekenhuis Bleulandlocatie;Algemeen ziekenhuis;2;2803 HH;2803HH;Gouda;;;;;;;;;;;;;;;
102303;102301;Groene Hart Ziekenhuis;Doortocht 40;Groene Hart Ziekenhuis Polikliniek Zuidplas;Buitenpolikliniek;3;2914 KA;2914KA;Nieuwerkerk a/d IJssel;;;;;;;;;;;;;;;
102304;102301;Groene Hart Ziekenhuis;Oranjeplaats 21;Groene Hart Ziekenhuis Polikliniek Schoonhoven;Buitenpolikliniek;3;2871 TL;2871TL;Schoonhoevn;;;;;;;;;;;;;;;
102501;102501;Havenziekenhuis;Haringvliet 2;Havenziekenhuis;Algemeen ziekenhuis;2;3011 TD;3011TD;Rotterdam;;;;;;;;;;;;;;;
102502;102501;Havenziekenhuis;Patrijzenstraat 59;Havenziekenhuis Buitenpoli Krimpen;Buitenpolikliniek;3;2922 GN;2922GN;Krimpen a/d Ijssel;;;;;;;;;;;;;;;
102601;102601;IJsselland Ziekenhuis;Prins Constantijnweg 2;IJsselland Ziekenhuis;Algemeen ziekenhuis;2;2906 ZC;2906ZC;Capelle a/d IJssel;;;;;;;;;;;;;;;
102603;102601;IJsselland Ziekenhuis;Groenendaal 1;Ijsselland Ziekenhuis Buitenpolikliniek Krimpen;Buitenpolikliniek;3;2922 CL;2922CL;Krimpen a/d Ijssel;;;;;;;;;;;;;;;
102602;102601;IJsselland Ziekenhuis;Cypruslaan 410;IJsselland Ziekenhuis Buitenpolikliniek Nesselande;Buitenpolikliniek;3;3059 XA;3059XA;Rotterdam;;;;;;;;;;;;;;;
102702;102701;MC Groep;Urkerweg 1;MC Emmeloord;Algemeen ziekenhuis;2;8303 BX;8303BX;Emmeloord;;;;;;;;;;;;;;;
102701;102701;MC Groep;Ziekenhuisweg 100;MC Zuiderzee;Algemeen ziekenhuis;2;8233 AA;8233AA;Lelystad;;;;;;;;;;;;;;;
102703;102701;MC Groep;Het Zwarte Water 77;MC Dronten;Buitenpolikliniek;3;8253 PD;8253PD;Dronten;;;;;;;;;;;;;;;
102704;102701;MC Groep;Vlechttuinen 1g;MC Groep Polikliniek Urk;Buitenpolikliniek;3;8322 BA;8322BA;Urk;;;;;;;;;;;;;;;
102801;102801;Ikazia Ziekenhuis;Montessoriweg 1;Ikazia Ziekenhuis;Algemeen ziekenhuis;2;3083 AN;3083AN;Rotterdam;;;;;;;;;;;;;;;
102802;102801;Ikazia Ziekenhuis;Middeldijkerplein 36;Ikazia Ziekenhuis Buitenpolikliniek Carnisselande;Buitenpolikliniek;3;2993 DL;2993DL;Barendrecht;;;;;;;;;;;;;;;
102803;102801;Ikazia Ziekenhuis;Kerkstaat 20;Ikazia Ziekenhuis Buitenpolikliniek Klaaswaal;Buitenpolikliniek;3;3286 AK;3286AK;Klaaswaal;;;;;;;;;;;;;;;
102903;102901;Isala klinieken;Engelenbergplantsoen 7;Isala Polikliniek Kampen;Buitenpolikliniek;3;8266 AB;8266AB;Kampen;;;;;;;;;;;;;;;
102902;102901;Isala klinieken;Dokter van Heesweg 2;Isala Zwolle;Algemeen ziekenhuis;2;8025 AB;8025AB;Zwolle;;;;;;;;;;;;;;;
102904;102901;Isala klinieken;Eperweg 33;Isala Polikliniek Heerde;Buitenpolikliniek;3;8181 ET;8181ET;Heerde;;;;;;;;;;;;;;;
103004;103001;Jeroen Bosch Ziekenhuis;Liduinahof 35;Jeroen Bosch Ziekenhuis Boxtel;Buitenpolikliniek;3;5281 AD;5281AD;Boxtel;;;;;;;;;;;;;;;
103007;103001;Jeroen Bosch Ziekenhuis;Henri Dunantstraat 1;Jeroen Bosch Ziekenhuis 's-Hertogenbosch;Algemeen ziekenhuis;2;5223 GZ;5223GZ;'s-Hertogenbosch;;;;;;;;;;;;;;;
103006;103001;Jeroen Bosch Ziekenhuis;De Hoef 90;Jeroen Bosch Ziekenhuis Rosmalen;Buitenpolikliniek;3;5242 CN;5242CN;Rosmalen;;;;;;;;;;;;;;;
103005;103001;Jeroen Bosch Ziekenhuis;Kerkstraat 2;Jeroen Bosch Ziekenhuis Zaltbommel;Buitenpolikliniek;3;5301 EH;5301EH;Zaltbommel;;;;;;;;;;;;;;;
103101;103101;Spaarne Gasthuis;Boerhaavelaan 22;Spaarne Gasthuis locatie Haarlem-Zuid;Algemeen ziekenhuis;2;2035 RC;2035RC;Haarlem;;;;;;;;;;;;;;;
103102;103101;Spaarne Gasthuis;Vondelweg 999;Spaarne Gasthuis locatie Haarlem-Noord;Algemeen ziekenhuis;2;2026 BW;2026BW;Haarlem;;;;;;;;;;;;;;;
103201;103201;Laurentius Ziekenhuis;Mgr. Driessenstraat 6;Laurentius Ziekenhuis;Algemeen ziekenhuis;2;6043 CV;6043CV;Roermond;;;;;;;;;;;;;;;
103202;103201;Laurentius Ziekenhuis;Du Commerce 1;Laurentius Buitenpolikliniek Echt;Buitenpolikliniek;3;6101 DB;6101DB;Echt;;;;;;;;;;;;;;;
103301;103301;Leids Universitair Medisch Centrum;Albinusdreef 2;Leids Universitair Medisch Centrum;Academisch ziekenhuis;1;2333 ZA;2333ZA;Leiden;;;;;;;;;;;;;;;
103402;103401;Martini Ziekenhuis;Schweitzerlaan 6;Martini Ziekenhuis buitenpoli Cardiologie;Buitenpolikliniek;3;9728 NP;9728NP;Groningen;;;;;;;;;;;;;;;
103401;103401;Martini Ziekenhuis;Van Swietenlaan 1;Martini Ziekenhuis van Swieten;Algemeen ziekenhuis;2;9728 NT;9728NT;Groningen;;;;;;;;;;;;;;;
103502;103501;Máxima Medisch Centrum;Ds. Th. Fliednerstraat 1;Máxima Medisch Centrum Eindhoven;Algemeen ziekenhuis;2;5631 BM;5631BM;Eindhoven;;;;;;;;;;;;;;;
103501;103501;Máxima Medisch Centrum;de Run 4600;Máxima Medisch Centrum Veldhoven;Algemeen ziekenhuis;2;5504 DB;5504DB;Veldhoven;;;;;;;;;;;;;;;
103604;103601;Meander Medisch Centrum;Maatweg 3;Meander Medisch Centrum Amersfoort;Algemeen ziekenhuis;2;3813 TZ;3813TZ;Amersfoort;;;;;;;;;;;;;;;
103602;103601;Meander Medisch Centrum;Molenweg 2;Meander Medisch Centrum Baarn;Algemeen ziekenhuis;2;3743 CM;3743CM;Baarn;;;;;;;;;;;;;;;
103608;103601;Meander Medisch Centrum;Nederwoudse weg;Meander Medisch Centrum Barneveld;Buitenpolikliniek;3;3772 TD;3772TD;Barneveld;;;;;;;;;;;;;;;
103606;103601;Meander Medisch Centrum;De Mulderij 2;Meander Medisch Centrum de Mulderij ;Buitenpolikliniek;3;3831 NV;3831NV;Leusden;;;;;;;;;;;;;;;
103607;103601;Meander Medisch Centrum;Oranjelaan 83-85;Meander Medisch Centrum Nijkerk;Buitenpolikliniek;3;3862 CX;3862CX;Nijkerk;;;;;;;;;;;;;;;
103701;103701;Noodwest Ziekenhuisgroep;Wilhelminalaan 12;Noordwest Ziekenhuisgroep  locatie Alkmaar;Algemeen ziekenhuis;2;1815 JD;1815JD;Alkmaar;;;;;;;;;;;;;;;
103702;103701;Noodwest Ziekenhuisgroep;Huisduinerweg 3;Noordwest Ziekenhuisgroep  locatie Den Helder;Algemeen ziekenhuis;2;1782 GZ;1782GZ;Den Helder;;;;;;;;;;;;;;;
103704;103701;Noodwest Ziekenhuisgroep;Keesomlaan 6;Noordwest Ziekenhuisgroep  locatie Polikliniek Texel;Buitenpolikliniek;3;1791 DC;1791DC;Den Burg;;;;;;;;;;;;;;;
103703;103701;Noodwest Ziekenhuisgroep;Kaagweg 25;Noordwest Ziekenhuisgroep  locatie Schagen;Buitenpolikliniek;3;1741 LC;1741LC;Schagen;;;;;;;;;;;;;;;
103801;103801;Haaglanden Medisch Centrum;Burgemeester Banninglaan 1;Antoniushove;Algemeen ziekenhuis;2;2262 BA;2262BA;Leidschendam;;;;;;;;;;;;;;;
103803;103801;Haaglanden Medisch Centrum;Molenweg 41 ;MHC Buitenpoli Monster;Buitenpolikliniek;3;2681 RE;2681RE;Monster;;;;;;;;;;;;;;;
103802;103801;Haaglanden Medisch Centrum;Lijnbaan 32;MCH  Westeinde;Algemeen ziekenhuis;2;2512 VA;2512VA;'s-Gravenhage;;;;;;;;;;;;;;;
103903;103901;Maasstad ziekenhuis;Maasstadweg 21;Maasstad Ziekenhuis;Algemeen ziekenhuis;2;3079 DZ;3079DZ;Rotterdam;;;;;;;;;;;;;;;
104001;104001;Medisch Spectrum Twente;Ariensplein 1;Medisch Spectrum Twente Ariënsplein;Buitenpolikliniek;3;7511 JX;7511JX;Enschede;;;;;;;;;;;;;;;
104002;104001;Medisch Spectrum Twente;Koningsplein 1;Medisch Spectrum Twente Koningsplein;Algemeen ziekenhuis;2;7512 KZ;7512KZ;Enschede;;;;;;;;;;;;;;;
100101;100101;Academisch Medisch Centrum;Meibergdreef 9;Academisch Medisch Centrum;Academisch ziekenhuis;1;1105 AZ;1105AZ;Amsterdam Zuidoost;;;;;;;;;;;;;;;
100202;100201;Maastricht UMC+;Brouwersweg 100;Medisch centrum Annadal;Buitenpolikliniek;3;6216 EG;6216EG;Maastricht;;;;;;;;;;;;;;;
100201;100201;Maastricht UMC+;P. Debijelaan 25;Maastricht UMC+;Academisch ziekenhuis;1;6229 HX;6229HX;Maastricht;;;;;;;;;;;;;;;
100301;100301;Albert Schweitzer Ziekenhuis;A. Schweitzerplaats 25;Albert Schweitzer Ziekenhuis Dordwijk (hoofdlocatie);Algemeen ziekenhuis;2;3318 AT;3318AT;Dordrecht;;;;;;;;;;;;;;;
100304;100301;Albert Schweitzer Ziekenhuis;Van der Steenhovenplein 1;Albert Schweitzer Ziekenhuis Amstelwijck;Algemeen ziekenhuis;2;3317 NM;3317NM;Dordrecht;;;;;;;;;;;;;;;
100306;100301;Albert Schweitzer Ziekenhuis;Jan Luykenstraat 8;Albert Schweitzer Ziekenhuis Buitenpoli GOED;Buitenpolikliniek;3;2985 BV;2985BV;Ridderkerk;;;;;;;;;;;;;;;
100303;100301;Albert Schweitzer Ziekenhuis;Wilhelminastraat 75;Albert Schweitzer Ziekenhuis Sliedrecht;Algemeen ziekenhuis;2;3361 XV;3361XV;Sliedrecht;;;;;;;;;;;;;;;
100302;100301;Albert Schweitzer Ziekenhuis;Langeweg 336;Albert Schweitzer Ziekenhuis Zwijndrecht;Algemeen ziekenhuis;2;3331 LZ;3331LZ;Zwijndrecht;;;;;;;;;;;;;;;
100401;100401;Rijnstate Ziekenhuis;Wagnerlaan 55;Rijnstate Ziekenhuis;Algemeen ziekenhuis;2;6815 AD;6815AD;Arnhem;;;;;;;;;;;;;;;
100404;100401;Rijnstate Ziekenhuis;President Kennedylaan 100;Rijnstate Ziekenhuis Velp;Buitenpolikliniek;3;6883 AZ;6883AZ;Velp Gld;;;;;;;;;;;;;;;
100402;100401;Rijnstate Ziekenhuis;Hunneveldweg 14A;Rijnstate Ziekenhuis Zevenaar;Algemeen ziekenhuis;2;6903 ZN;6903ZN;Zevenaar;;;;;;;;;;;;;;;
100403;100401;Rijnstate Ziekenhuis;Marga Klompélaan 6;Rijnstate Polikliniek Arnhem-zuid;Buitenpolikliniek;3;6836 BH;6836BH;Arnhem;;;;;;;;;;;;;;;
100502;100501;Amphia Ziekenhuis;Langendijk 75;Amphia Ziekenhuis Breda Langendijk;Algemeen ziekenhuis;2;4819 EV;4819EV;Breda;;;;;;;;;;;;;;;
100501;100501;Amphia Ziekenhuis;Molengracht 21;Amphia Ziekenhuis Breda Molengracht;Algemeen ziekenhuis;2;4818 CK;4818CK;Breda;;;;;;;;;;;;;;;
100503;100501;Amphia Ziekenhuis;Pasteurlaan 9;Amphia Ziekenhuis Oosterhout;Algemeen ziekenhuis;2;4901 DH;4901DH;Oosterhout;;;;;;;;;;;;;;;
100504;100501;Amphia Ziekenhuis;Trivium 76;Amphia Ziekenhuis Etten-Leur;Buitenpolikliniek;3;4873 LP;4873LP;Etten-Leur;;;;;;;;;;;;;;;
100602;100601;Antonius Zorggroep;Urkerweg 4;Antonius Ziekenhuis Emmeloord;Buitenpolikliniek;3;8303 BX;8303BX;Emmeloord;;;;;;;;;;;;;;;
100601;100601;Antonius Zorggroep;Bolswarderbaan 1;Antonius Ziekenhuis Sneek;Algemeen ziekenhuis;2;8601 ZK;8601ZK;Sneek;;;;;;;;;;;;;;;
100702;100701;Zuyderland Medisch Centrum;Kochstraat 2;Zuyderland Medisch Centrum Brunssum;Buitenpolikliniek;3;6442 BE;6442BE;Brunssum;;;;;;;;;;;;;;;
100701;100701;Zuyderland Medisch Centrum;H. Dunantstraat 5;Zuyderland Medisch Centrum Heerlen;Algemeen ziekenhuis;2;6419 PC;6419PC;Heerlen;;;;;;;;;;;;;;;
100703;100701;Zuyderland Medisch Centrum;Wijngracht 45;Zuyderland Medisch Centrum Kerkrade;Buitenpolikliniek;3;6461 AL;6461AL;Kerkrade;;;;;;;;;;;;;;;
100801;100801;BovenIJ Ziekenhuis;Statenjachtstraat 1;BovenIJ Ziekenhuis;Algemeen ziekenhuis;2;1034 CS;1034CS;Amsterdam;;;;;;;;;;;;;;;
104004;104001;Medisch Spectrum Twente;Wiedenbroeksingel 4;Medisch Spectrum Twente Buitenpolikliniek Haaksbergen;Buitenpolikliniek;3;7481 BT;7481BT;Haaksbergen;;;;;;;;;;;;;;;
104005;104001;Medisch Spectrum Twente;Lutterstraat 4;Medisch Spectrum Twente Buitenpolikliniek Losser;Buitenpolikliniek;3;7581 BV;7581BV;Losser;;;;;;;;;;;;;;;
104003;104001;Medisch Spectrum Twente;Pr. Bernhardstraat 17;Medisch Spectrum Twente Oldenzaal;Buitenpolikliniek;3;7573 AM;7573AM;Oldenzaal;;;;;;;;;;;;;;;
104404;104401;Admiraal De Ruyter Ziekenhuis;Koudekerkseweg 88;Admiraal De Ruyter Ziekenhuis Vlissingen;Algemeen ziekenhuis;2;4382 EE;4382EE;Vlissingen;;;;;;;;;;;;;;;
104401;104401;Admiraal De Ruyter Ziekenhuis;'s-Gravenpolderseweg 114;Admiraal De Ruyter Ziekenhuis Goes;Algemeen ziekenhuis;2;4462 RA;4462RA;Goes;;;;;;;;;;;;;;;
104405;104401;Admiraal De Ruyter Ziekenhuis;Kalverstraat 1;Admiraal De Ruyter Ziekenhuis Middelburg Kalverstraat;Buitenpolikliniek;3;4331 LZ;4331LZ;Middelburg;;;;;;;;;;;;;;;
104402;104401;Admiraal De Ruyter Ziekenhuis;Koning Gustaafweg 2;Admiraal De Ruyter Ziekenhuis Zierikzee;Buitenpolikliniek;3;4301 NP;4301NP;Zierikzee;;;;;;;;;;;;;;;
100705;100701;Zuyderland Medisch Centrum;De Egthe 1;Zuyderland Medisch Centrum Buitenpoli De Egthe;Buitenpolikliniek;3;6101 EX;6101EX;Echt;;;;;;;;;;;;;;;
100704;100701;Zuyderland Medisch Centrum;Dr. H. van der Hoffplein 1;Zuyderland Medisch Centrum Sittard-Geleen;Algemeen ziekenhuis;2;6162 BG;6162BG;Sittard-Geleen;;;;;;;;;;;;;;;
104602;104601;Pantein;Dokter Kopstraat 11;Maasziekenhuis Pantein;Algemeen ziekenhuis;2;5835 DV;5835DV;Beugen;;;;;;;;;;;;;;;
109801;109801;Antoni van Leeuwenhoek;Plesmanlaan 121;Antoni van Leeuwenhoek;Algemeen ziekenhuis;2;1066 CX;1066CX;Amsterdam;;;;;;;;;;;;;;;
102408;102401;Stichting Reinier Haga Groep;Reinier de Graafweg 5;Reinier de Graaf Gasthuis;Algemeen ziekenhuis;2;2625 AD;2625AD;Delft;;;;;;;;;;;;;;;
102407;102401;Stichting Reinier Haga Groep;Middelbroekweg 2a;Reinier de Graaf Naaldwijk;Buitenpolikliniek;3;2671 ME;2671ME;Naaldwijk;;;;;;;;;;;;;;;
102406;102401;Stichting Reinier Haga Groep;Kiekendiefstraat 17;Reinier de Graaf  Ypenburg;Buitenpolikliniek;3;2496 RP;2496RP;'s-Gravenhage;;;;;;;;;;;;;;;
102401;102401;Stichting Reinier Haga Groep;Leyweg 275;HagaZiekenhuis Leyweg;Algemeen ziekenhuis;2;2545 CH;2545CH;'s-Gravenhage;;;;;;;;;;;;;;;
102402;102401;Stichting Reinier Haga Groep;Sportlaan 600;HagaZiekenhuis Sportlaan;Algemeen ziekenhuis;2;2566 MJ;2566MJ;'s-Gravenhage;;;;;;;;;;;;;;;
102403;102401;Stichting Reinier Haga Groep;Sportlaan 600;HagaZiekenhuis Juliana Kinderziekenhuis;kinderziekenhuis;2;2566 MJ;2566MJ;'s-Gravenhage;;;;;;;;;;;;;;;
102405;102401;Stichting Reinier Haga Groep;Fonteynenburghlaan 5;Reinier de Graaf Diaconessenhuis Voorburg;Algemeen ziekenhuis;2;2275 CX;2275CX;Voorburg;;;;;;;;;;;;;;;
101305;101301;Alrijne Zorggroep;Simon Smitweg 1;Alrijne Ziekenhuis Leiderdorp;Algemeen ziekenhuis;2;2353 GA;2353GA;Leiderdorp;;;;;;;;;;;;;;;
101306;101301;Alrijne Zorggroep;Metoorlaan 4;Alrijne Ziekenhuis Alphen aan den Rijn;Algemeen ziekenhuis;2;2402 WC;2402WC;Alphen a/d Rijn;;;;;;;;;;;;;;;
105001;105001;Rivas Zorggroep;Banneweg 57;Rivas Zorggroep Beatrixziekenhuis;Algemeen ziekenhuis;2;4204 AA;4204AA;Gorinchem;;;;;;;;;;;;;;;
105002;105001;Rivas Zorggroep;Koningin Emmalaan 82;Rivas Zorggroep Lingepolikliniek;Buitenpolikliniek;3;4141 EE;4141EE;Leerdam;;;;;;;;;;;;;;;
105101;105101;Rode Kruis Ziekenhuis;Vondellaan 13;Rode Kruis Ziekenhuis Beverwijk;Algemeen ziekenhuis;2;1942 LE;1942LE;Beverwijk;;;;;;;;;;;;;;;
105102;105101;Rode Kruis Ziekenhuis;Mozartstraat 91;Rode Kruis Ziekenhuis Polikliniek Heemskerk;Buitenpolikliniek;3;1962 AB;1962AB;Heemskerk;;;;;;;;;;;;;;;
105201;105201;Spijkenisse Medisch Centrum;Ruwaard van Puttenweg 500;Spijkenisse Medisch Centrum;Algemeen ziekenhuis;2;3201 GZ;3201GZ;Spijkenisse;;;;;;;;;;;;;;;
105202;105201;Spijkenisse Medisch Centrum;Oude Wal 24L;Spijkenisse Medisch Centrum Buitenpoli Hoogvliet;Buitenpolikliniek;3;3193 EN;3193EN;Hoogvliet;;;;;;;;;;;;;;;
105203;105201;Spijkenisse Medisch Centrum;Blankenburg 6;Spijkenisse Medisch Centrum Buitenpoli Rozenburg;Buitenpolikliniek;3;3181 BC;3181BC;Rozenburg;;;;;;;;;;;;;;;
105301;105301;Saxenburgh Groep;Jan Weitkamplaan 4a;Saxenburgh Groep Ziekenhuis Röpcke Zweers;Algemeen ziekenhuis;2;7772 SE;7772SE;Hardenberg;;;;;;;;;;;;;;;
105302;105301;Saxenburgh Groep;M. van de Thijnensingel 1;Saxenburgh Groep Dagziekenhuis Aleida Kramer;Buitenpolikliniek;3;7741 GB;7741GB;Coevorden;;;;;;;;;;;;;;;
105303;105301;Saxenburgh Groep;Van Reeuwijkstraat 50 ;Saxenburgh Groep Polikliniek Ommen;Buitenpolikliniek;3;7731 EH;7731EH;Ommen;;;;;;;;;;;;;;;
105304;105301;Saxenburgh Groep;Anton Geerdesplein 6  ;Saxenburgh Groep Polikliniek Slagharen;Buitenpolikliniek;3;7776 BD;7776BD;Slagharen;;;;;;;;;;;;;;;
105305;105301;Saxenburgh Groep;Beeklaan 1;Saxenburgh Groep Polikliniek Westhaar;Buitenpolikliniek;3;7676 BC;7676BC;Westerhaar;;;;;;;;;;;;;;;
105402;105401;Slingeland Ziekenhuis;Gezellenlaan 10;Slingeland Ziekenhuis Locatie Gezellenlaan;Buitenpolikliniek;3;7005 AZ;7005AZ;Doetiechem;;;;;;;;;;;;;;;
105401;105401;Slingeland Ziekenhuis;Kruisbergseweg 25;Slingeland Ziekenhuis;Algemeen ziekenhuis;2;7009 BL;7009BL;Doetinchem;;;;;;;;;;;;;;;
102705;102701;MC Groep;Louwesweg 6;MC Slotervaart;Algemeen ziekenhuis;2;1066 EC;1066EC;Amsterdam;;;;;;;;;;;;;;;
103106;103101;Spaarne Gasthuis;Abellalaan 1;Spaarne Ziekenhuis Polikliniek Hillegom;Buitenpolikliniek;3;2182 TX;2182TX;Hillegom;;;;;;;;;;;;;;;
103103;103101;Spaarne Gasthuis;Spaarnepoort 1;Spaarne Gasthuis Hoofddorp;Algemeen ziekenhuis;2;2134 TM;2134TM;Hoofddorp;;;;;;;;;;;;;;;
103104;103101;Spaarne Gasthuis;Händellaan 2;Spaarne Gasthuis  Heemstede;Buitenpolikliniek;3;2102 CW;2102CW;Heemstede;;;;;;;;;;;;;;;
103105;103101;Spaarne Gasthuis;Lucas Bolsstraat 10;Spaarne ziekenhuis Nieuw Vennep;Buitenpolikliniek;3;2152 CZ;2152CZ;Nieuw Vennep;;;;;;;;;;;;;;;
105702;105701;St. Anna Zorggroep;Antoon Coolenlaan 1-03;St. Anna Ziekenhuis Eindhoven;Buitenpolikliniek;3;5644 RX;5644RX;Eindhoven;;;;;;;;;;;;;;;
105701;105701;St. Anna Zorggroep;Bogardeind 2;St. Anna Ziekenhuis Geldrop;Algemeen ziekenhuis;2;5664 EH;5664EH;Geldrop;;;;;;;;;;;;;;;
105801;105801;St. Antonius Ziekenhuis en Zuwe Hofpoort;Koekoekslaan 1;St. Antonius Ziekenhuis Nieuwegein;Algemeen ziekenhuis;2;3435 CM;3435CM;Nieuwegein;;;;;;;;;;;;;;;
105804;105801;St. Antonius Ziekenhuis en Zuwe Hofpoort;Hofspoor 2;St. Antonius Ziekenhuis Polikliniek Houten;Buitenpolikliniek;3;3994 VT;3994VZ;Houten;;;;;;;;;;;;;;;
105808;105801;St. Antonius Ziekenhuis en Zuwe Hofpoort;Neckardreef 6;St. Antonius Ziekenhuis Polikliniek Overvecht;Buitenpolikliniek;3;3562 CN;3562CN;Utrecht;;;;;;;;;;;;;;;
105806;105801;St. Antonius Ziekenhuis en Zuwe Hofpoort;Soestwetering 1;St. Antonius Ziekenhuis Utrecht;Algemeen ziekenhuis;2;3543 AZ;3543AZ;Utrecht;;;;;;;;;;;;;;;
105807;105801;St. Antonius Ziekenhuis en Zuwe Hofpoort;Van Lawick van Pabstlaan 12;St. Antonius Ziekenhuis Spatadercentrum;Buitenpolikliniek;3;3453 RB;3453RB;Utrecht;;;;;;;;;;;;;;;
107304;107301;Elisabeth-TweeSteden;Hilvarenbeekseweg 60;ETZ Elisabeth;Algemeen ziekenhuis;2;5022 GC;5022GC;Tilburg;;;;;;;;;;;;;;;
106102;106101;St. Jans Gasthuis;Grensweg 1;St. Jans Gasthuis Buitenpoli Budel;Buitenpolikliniek;3;6021 JW;6021JW;Budel;;;;;;;;;;;;;;;
106101;106101;St. Jans Gasthuis;Vogelsbleek 5;St. Jans Gasthuis;Algemeen ziekenhuis;2;6001 BE;6001BE;Weert;;;;;;;;;;;;;;;
106201;106201;Ziekenhuis St. Jansdal;Weth. Jansenlaan 90;Ziekenhuis St. Jansdal;Algemeen ziekenhuis;2;3844 DG;3844DG;Harderwijk;;;;;;;;;;;;;;;
106202;106201;Ziekenhuis St. Jansdal;Het Zwarte Water 77-83;Ziekenhuis St. Jansdal Polikliniek Dronten;Buitenpolikliniek;3;8253 PD;8253PD;Dronten;;;;;;;;;;;;;;;
106203;106201;Ziekenhuis St. Jansdal;Henri Nouwenstraat 18;Ziekenhuis St. Jansdal Polikliniek Nijkerk;Buitenpolikliniek;3;3863 HV;3863HV;Nijkerk;;;;;;;;;;;;;;;
106304;106301;Onze Lieve Vrouwe Gasthuis;Jan Tooropstraat 164;Onze Lieve Vrouwe Gasthuis locatie West;Algemeen ziekenhuis;2;1061 AE;1061AE;Amsterdam;;;;;;;;;;;;;;;
106301;106301;Onze Lieve Vrouwe Gasthuis;Oosterpark 9;Onze Lieve Vrouwe Gasthuis locatie Oost;Algemeen ziekenhuis;2;1091 AC;1091AC;Amsterdam;;;;;;;;;;;;;;;
106302;106301;Onze Lieve Vrouwe Gasthuis;Spuistraat 239 A;Onze Lieve Vrouwe Gasthuis Spuistraat;Buitenpolikliniek;3;1012 VP;1012VP;Amsterdam;;;;;;;;;;;;;;;
106303;106301;Onze Lieve Vrouwe Gasthuis;IJburglaan 727;Onze Lieve Vrouwe Gasthuis IJburg;Buitenpolikliniek;3;1087 CH;1087CH;Amsterdam;;;;;;;;;;;;;;;
103805;103801;Haaglanden Medisch Centrum;Bronovolaan 5;Bronovo Ziekenhuis;Algemeen ziekenhuis;2;2597 AX;2597AX;'s-Gravenhage;;;;;;;;;;;;;;;
103806;103801;Haaglanden Medisch Centrum;President Kennedylaan 15;Bronovo Buitenpoli Statenkwartier;Buitenpolikliniek;3;2517 JK;2517JK;Den Haag;;;;;;;;;;;;;;;
106601;106601;Nij Smellinghe;Compagnonsplein 1;Nij Smellinghe;Algemeen ziekenhuis;2;9202 NN;9202NN;Drachten;;;;;;;;;;;;;;;
106702;106701;Deventer Ziekenhuisgroep;Nico Bolkesteinlaan 75;Deventer Ziekenhuisgroep;Algemeen ziekenhuis;2;7416 SE;7416SE;Deventer;;;;;;;;;;;;;;;
106703;106701;Deventer Ziekenhuisgroep;Vrieswijk 6b;Deventer Ziekenhuis Polikliniek Raalte;Buitenpolikliniek;3;8103 PB;8103PB;Raalte;;;;;;;;;;;;;;;
106704;106701;Deventer Ziekenhuisgroep;Wijnand Zeeuwstraat 26-101;Deventer ZiekenhuisPolikliniek Rijssen;Buitenpolikliniek;3;7462 DE;7462DE;Rijssen;;;;;;;;;;;;;;;
106802;106801;Het Van Weel-Bethesda Ziekenhuis;Stationsweg 22;Het Van Weel-Bethesda Dirksland;Algemeen ziekenhuis;2;3247 BW;3247BW;Dirksland;;;;;;;;;;;;;;;
106803;106801;Het Van Weel-Bethesda Ziekenhuis;Amer 21;Het Van Weel-Bethesda Polikliniek Brielle;Buitenpolikliniek;3;3232 HA;3232HA;Brielle;;;;;;;;;;;;;;;
106801;106801;Het Van Weel-Bethesda Ziekenhuis;Vliet 4;Het Van Weel-Bethesda Polikliniek Hellevoetsluis;Buitenpolikliniek;3;3224 HE;3224HE;Hellevoetsluis;;;;;;;;;;;;;;;
106901;106901;Tergooiziekenhuizen;van Riebeeckweg 212;Tergooiziekenhuizen Hilversum;Algemeen ziekenhuis;2;1213 XZ;1213XZ;Hilversum;;;;;;;;;;;;;;;
106902;106901;Tergooiziekenhuizen;Rijksstraatweg 1;Tergooiziekenhuizen Blaricum;Algemeen ziekenhuis;2;1261 AN;1261AN;Blaricum;;;;;;;;;;;;;;;
106903;106901;Tergooiziekenhuizen;C.J. van Houtenlaan;Tergooiziekenhuizen Buitenpoli Weesp;Buitenpolikliniek;3;1381 CN;1381CN;Weesp;;;;;;;;;;;;;;;
102005;102001;Bravis Ziekenhuis;Boerhaaveplein 1;Bravis Ziekenhuis Roosendaal;Algemeen ziekenhuis;2;4624 VT;4624VT;Bergen Op Zoom;;;;;;;;;;;;;;;
102004;102001;Bravis Ziekenhuis;Lindenburghlaan 7;Bravis Ziekenhuis Polikliniek Steenbergen;Buitenpolikliniek;3;4651 TM;4651TM;Steenbergen;;;;;;;;;;;;;;;
107101;107101;Streekziekenhuis Koningin Beatrix;Beatrixpark 1;Streekziekenhuis Koningin Beatrix;Algemeen ziekenhuis;2;7101 BN;7101BN;Winterswijk;;;;;;;;;;;;;;;
107104;107101;Streekziekenhuis Koningin Beatrix;Willem Sluyterstraat 6;Streekziekenhuis Koningin Beatrix Buitenpoli Eibergen;Buitenpolikliniek;3;7151 DW;7151DW;Eibergen;;;;;;;;;;;;;;;
107103;107101;Streekziekenhuis Koningin Beatrix;Buitenschans 70;Streekziekenhuis Koningin Beatrix Buitenpoli Groenlo;Buitenpolikliniek;3;7141 EL;7141EL;Groenlo;;;;;;;;;;;;;;;
107102;107101;Streekziekenhuis Koningin Beatrix;Van de Meer de Walcherenstraat 2c;Streekziekenhuis Koningin Beatrix Buitenpoli Lichtenvoorde;Buitenpolikliniek;3;7131 EN;7131EN;Lichtenvoorde;;;;;;;;;;;;;;;
102411;102401;Stichting Reinier Haga Groep;Tjeerd Kuipersstraat 17;LangeLand Ziekenhuis Polikliniek Bergschenhoek;Buitenpolikliniek;3;2662 GM;2662GM;Bergschenhoek;;;;;;;;;;;;;;;
102410;102401;Stichting Reinier Haga Groep;Toneellaan 1;LangeLand Ziekenhuis;Algemeen ziekenhuis;2;2725 NA;2725NA;Zoetermeer;;;;;;;;;;;;;;;
107301;107301;Elisabeth-TweeSteden;Dr. Deelenlaan 5;ETZ Tilburg;Algemeen ziekenhuis;2;5042 AD;5042AD;Tilburg;;;;;;;;;;;;;;;
107303;107301;Elisabeth-TweeSteden;Moergestelseweg 32G;ETZ Oisterwijk;Buitenpolikliniek;3;5062 JW;5062JW;Oisterwijk;;;;;;;;;;;;;;;
107302;107301;Elisabeth-TweeSteden;Kasteellaan 2;ETZ Waalwijk;Algemeen ziekenhuis;2;5141 BM;5141BM;Waalwijk;;;;;;;;;;;;;;;
107401;107401;Universitair Medisch Centrum Groningen;Hanzeplein 1;Universitair Medisch Centrum Groningen;Academisch ziekenhuis;1;9713 GZ;9713GZ;Groningen;;;;;;;;;;;;;;;
107402;107401;Universitair Medisch Centrum Groningen;Dilgtweg 5;Universitair Medisch Centrum Groningen Beatrixoord;Buitenpolikliniek;3;9751 ND;9751ND;Haren;;;;;;;;;;;;;;;
107501;107501;Universitair Medisch Centrum St. Radboud;G. Grooteplein-Zuid 10;Universitair Medisch Centrum St. Radboud;Academisch ziekenhuis;1;6525 GA;6525GA;Nijmegen;;;;;;;;;;;;;;;
107601;107601;Universitair Medisch Centrum Utrecht;Heidelberglaan 100;Universitair Medisch Centrum Utrecht;Academisch ziekenhuis;1;3584 CX;3584CX;Utrecht;;;;;;;;;;;;;;;
107602;107601;Universitair Medisch Centrum Utrecht;Lundlaan 6;Universitair Medisch Centrum Utrecht Wilhelmina Kinderziekenhuis;Kinderziekenhuis;4;3584 EA;3584EA;Utrecht;;;;;;;;;;;;;;;
107701;107701;VieCuri Medisch Centrum;Tegelseweg 210;VieCuri Medisch Centrum Venlo;Algemeen ziekenhuis;2;5912 BL;5912BL;Venlo;;;;;;;;;;;;;;;
107703;107701;VieCuri Medisch Centrum;Westsingel 100;VieCuri Medisch Centrum Regiopoli Horst;Buitenpolikliniek;3;5961 DH;5961DH;Horst;;;;;;;;;;;;;;;
107704;107701;VieCuri Medisch Centrum;John F. Kennedylaan 321;VieCuri Medisch Centrum Regiopoli Panningen;Buitenpolikliniek;3;5981 WZ;5981WZ;Panningen;;;;;;;;;;;;;;;
107702;107701;VieCuri Medisch Centrum;Merseloseweg 130;VieCuri Medisch Centrum Venray;Algemeen ziekenhuis;2;5801 CE;5801CE;Venray;;;;;;;;;;;;;;;
107805;107801;Franciscus Gasthuis & Vlietland Groep;Kleiweg 500;Franciscus Gasthuis;Algemeen ziekenhuis;2;3045 PM;3045PM;Rotterdam;;;;;;;;;;;;;;;
107801;107801;Franciscus Gasthuis & Vlietland Groep;Vlietlandplein 2;Franciscus Vlietland  Schiedam;Algemeen ziekenhuis;2;3118 JH;3118JH;Schiedam;;;;;;;;;;;;;;;
107804;107801;Franciscus Gasthuis & Vlietland Groep;Boerhaavestraat 19;Franciscus Berkel;Buitenpolikliniek;3;2652 EP;2652EP;Berkel Rodenrijs;;;;;;;;;;;;;;;
107803;107801;Franciscus Gasthuis & Vlietland Groep;De Vloot 206;Franciscus Maassluis;Buitenpolikliniek;3;3144 PK;3144PK;Maassluis;;;;;;;;;;;;;;;
107901;107901;VU Medisch Centrum;de Boelelaan 1117;VU Medisch Centrum;Academisch ziekenhuis;1;1081 HV;1081HV;Amsterdam;;;;;;;;;;;;;;;
108001;108001;Waterlandziekenhuis;Waterlandlaan 250;Waterlandziekenhuis;Algemeen ziekenhuis;2;1441 RN;1441RN;Purmerend;;;;;;;;;;;;;;;
108002;108001;Waterlandziekenhuis;Heideweg 1b;Waterlandziekenhuis Behandelcentrum Waterland-Oost;Buitenpolikliniek;3;1132 DA;1132DA;Volendam;;;;;;;;;;;;;;;
108101;108101;Westfries Gasthuis;Fr. Maelsonstraat 3;Westfries Gasthuis;Algemeen ziekenhuis;2;1624 NP;1624NP;Hoorn Nh;;;;;;;;;;;;;;;
108102;108101;Westfries Gasthuis;Molenweg 9b;Westfries Gasthuis Enkhuizen;Buitenpolikliniek;3;1601 NK;1601NK;Enkhuizen;;;;;;;;;;;;;;;
108103;108101;Westfries Gasthuis;Middenwaard 45;Westfries Gasthuis Heerhugowaard;Buitenpolikliniek;3;1703 SC;1703SC;Heerhugowaard;;;;;;;;;;;;;;;
108202;108201;Wilhelmina Ziekenhuis Assen;Borgstee 17;Het Medisch Centrum Wilhelmina;Buitenpolikliniek;3;9403 TS;9403TS;Assen;;;;;;;;;;;;;;;
108201;108201;Wilhelmina Ziekenhuis Assen;Europaweg-Zuid 1;Wilhelmina Ziekenhuis Assen;Algemeen ziekenhuis;2;9401 RK;9401RK;Assen;;;;;;;;;;;;;;;
108301;108301;Zaans Medisch Centrum;Koningin Julianaplein 58;Zaans Medisch Centrum;Algemeen ziekenhuis;2;1502 DV;1502DV;Zaandam;;;;;;;;;;;;;;;
108302;108301;Zaans Medisch Centrum;Kaaikhof 69;Zaans Medisch Centrum Polikliniek Saendelft;Buitenpolikliniek;3;1567 JP;1567JP;Assendelft;;;;;;;;;;;;;;;
108401;108401;Ziekenhuis Amstelland;Laan van de Helende Meesters 8;Ziekenhuis Amstelland;Algemeen ziekenhuis;2;1186 AM;1186AM;Amstelveen;;;;;;;;;;;;;;;
108402;108401;Ziekenhuis Amstelland;Koningin Máximalaan 30;Ziekenhuis Amstelland Buitenpolikliniek Uithoorn;Buitenpolikliniek;3;1421 LC;1421LC;Uithoorn;;;;;;;;;;;;;;;
108503;108501;Ziekenhuis Bernhoven;Nistelrodeseweg 10;Ziekenhuis Bernhoven Uden;Algemeen ziekenhuis;2;5406 PT;5406PT;Uden;;;;;;;;;;;;;;;
108501;108501;Ziekenhuis Bernhoven;J. Zwijssenlaan 121;Ziekenhuis Bernhoven Oss;Buitenpolikliniek;3;5342 BT;5342BT;Oss;;;;;;;;;;;;;;;
108601;108601;Ziekenhuis De Gelderse Vallei;Willy Brandtlaan 10;Ziekenhuis De Gelderse Vallei Ede;Algemeen ziekenhuis;2;6716 RP;6716RP;Ede;;;;;;;;;;;;;;;
108602;108601;Ziekenhuis De Gelderse Vallei;Klaverweide 1a;Ziekenhuis De Gelderse Vallei Polikliniek Barneveld;Buitenpolikliniek;3;3773 AW;3773AW;Barneveld;;;;;;;;;;;;;;;
108603;108601;Ziekenhuis De Gelderse Vallei;Spoorlaan 5;Ziekenhuis De Gelderse Vallei Polikliniek Veenendaal;Buitenpolikliniek;3;3903 XS;3903XS;Veenendaal;;;;;;;;;;;;;;;
108604;108601;Ziekenhuis De Gelderse Vallei;Plantsoen 57b;Ziekenhuis De Gelderse Vallei Polikliniek Wageningen;Buitenpolikliniek;3;6701 AS;6701AS;Wageningen;;;;;;;;;;;;;;;
108701;108701;Ziekenhuis Rivierenland;Pres. Kennedylaan 1;Ziekenhuis Rivierenland;Algemeen ziekenhuis;2;4002 WP;4002WP;Tiel;;;;;;;;;;;;;;;
108703;108701;Ziekenhuis Rivierenland;Beatrixstraat 20;Ziekenhuis Rivierenland Waterpoort Polikliniek Beneden Leeuwen;Buitenpolikliniek;3;6658 EK;6658EK;Beneden Leeuwen;;;;;;;;;;;;;;;
108702;108701;Ziekenhuis Rivierenland;Elisabethdreef 4;Ziekenhuis Rivierenland Barbara Polikliniek Culemborg;Buitenpolikliniek;3;4101 KL;4101KL;Culemborg;;;;;;;;;;;;;;;
108803;108801;ZorgSaam Zeeuws-Vlaanderen;Lyceumstraat 20;Zorgsaam Zeeuw-Vlaanderen Locatie Liduina;Buitenpolikliniek;3;4561 HV;4561HV;Hulst;;;;;;;;;;;;;;;
108802;108801;ZorgSaam Zeeuws-Vlaanderen;Pastoor van Genklaan 6;Zorgsaam Zeeuw-Vlaanderen Locatie Antonius;Algemeen ziekenhuis;2;4501 AJ;4501AJ;Oostburg;;;;;;;;;;;;;;;
108801;108801;ZorgSaam Zeeuws-Vlaanderen;Wielingenlaan 2;Zorgsaam Zeeuw-Vlaanderen Locatie De Honte;Algemeen ziekenhuis;2;4535 PA;4535PA;Terneuzen;;;;;;;;;;;;;;;
109002;109001;Ziekenhuisgroep Twente;Zilvermeeuw 1;Ziekenhuisgroep Twente Locatie Almeo;Algemeen ziekenhuis;2;7609 PP;7609PP;Almelo;;;;;;;;;;;;;;;
109001;109001;Ziekenhuisgroep Twente;Geerdinksweg 141;Ziekenhuisgroep Twente Locatie Hengelo;Algemeen ziekenhuis;2;7555 DL;7555DL;Hengelo Ov;;;;;;;;;;;;;;;
109004;109001;Ziekenhuisgroep Twente;Irisstraat 2-24;Ziekenhuisgroep Twente Buitenpolikliniek Goor;Buitenpolikliniek;3;7471 AV;7471AV;Goor;;;;;;;;;;;;;;;
109003;109001;Ziekenhuisgroep Twente;Nijkerkendijk 38;Ziekenhuisgroep Twente Medisch Centrum Nijverdal;Buitenpolikliniek;3;7442 LS;7442LS;Nijverdal;;;;;;;;;;;;;;;
102905;102901;Isala klinieken;Hoogeveenseweg 38;Isala Diaconessenhuis Meppel;Algemeen ziekenhuis;2;7943 KA;7943KA;Meppel;;;;;;;;;;;;;;;
102909;102901;Isala klinieken;Entingheweg 18a;Isala Diaconessenhuis Polikliniek Dwingeloo;Buitenpolikliniek;3;7991 CC;7991CC;Dwingeloo;;;;;;;;;;;;;;;
102908;102901;Isala klinieken;Groene weg 4;Isala Diaconessenhuis Ruinen;Buitenpolikliniek;3;7963 BX;7963BX;Ruinen;;;;;;;;;;;;;;;
102907;102901;Isala klinieken;Sluisweg 2;Isala Diaconessenhuis Polikliniek Steenwijk;Buitenpolikliniek;3;8332 JC;8332JC;Steenwijk;;;;;;;;;;;;;;;
109201;109201;Zorgpartners Friesland;H. Dunantweg 2;Medisch centrum Leeuwarden;Algemeen ziekenhuis;2;8934 AD;8934AD;Leeuwarden;;;;;;;;;;;;;;;
109202;109201;Zorgpartners Friesland;Achlumerdijk 2;MCL Harlingen;Buitenpolikliniek;3;8862 AJ;8862AJ;Harlingen;;;;;;;;;;;;;;;
109301;109301;Treant Zorggroep;Boermarkeweg 60;Leveste Scheperziekenhuis;Algemeen ziekenhuis;2;7824 AA;7824AA;Emmen;;;;;;;;;;;;;;;
109302;109301;Treant Zorggroep;Dr. G.H. Amshoffweg 1;Ziekenhuis Bethesda Hoogeveen;Algemeen ziekenhuis;2;7909 AA;7909AA;Hoogeveen;;;;;;;;;;;;;;;
109303;109301;Treant Zorggroep;Boerhaavestraat 1;Refaja Ziekenhuis Stadskanaal;Algemeen ziekenhuis;2;9501 HE;9501HE;Stadskanaal;;;;;;;;;;;;;;;
109304;109301;Treant Zorggroep;Kaap de Goede Hoop 1;Refaja Ziekenhuis Buitenpoli Veendam;Buitenpolikliniek;3;9642 AP;9642AP;Veendam;;;;;;;;;;;;;;;
105809;105801;St. Antonius Ziekenhuis en Zuwe Hofpoort;Polanerbaan 2;Zuwe Hofpoort Ziekenhuis;Algemeen ziekenhuis;2;3447 GN;3447GN;Woerden;;;;;;;;;;;;;;;
105810;105801;St. Antonius Ziekenhuis en Zuwe Hofpoort;Hoofdweg 1;Zuwe Polikliniek De Ronde Venen;Buitenpolikliniek;3;3641 PN;3641PN;Mijdrecht;;;;;;;;;;;;;;;
105811;105801;St. Antonius Ziekenhuis en Zuwe Hofpoort;Middenburcht 116;Zuwe Zorgpoort Leidsche Rijn;Buitenpolikliniek;3;3452 MT;3452MT;Vleuten;;;;;;;;;;;;;;;
105403;105401;Slingeland Ziekenhuis;Sinderenseweg 1;Slingeland Ziekenhuis Buitenpoli Varsseveld;Buitenpolikliniek;3;7051 HD;7051HD;Varsseveld;;;;;;;;;;;;;;;
104403;104401;Admiraal De Ruyter Ziekenhuis;Noorbolwerk 35;Admiraal De Ruyter Ziekenhuis Middelburg Noordbolwerk;Buitenpolikliniek;3;4331 SH;4331SH;Middelburg;;;;;;;;;;;;;;;
100603;100601;Antonius Zorggroep;Vissersburen 17;Zorgplein Lemmer;Buitenpolikliniek;3;8531 EB;8531EB;Lemmer;;;;;;;;;;;;;;;
102503;102501;Havenziekenhuis;Haringvliet 72;Havenziekenhuis Locatie Buitenhaven;Buitenpolikliniek;3;3011 TG;3011TG;Rotterdam;;;;;;;;;;;;;;;
103008;103001;Jeroen Bosch Ziekenhuis;Middelweg 2;Jeroen Bosch Ziekenhuis Nieuwkuijk;Buitenpolikliniek;3;5253 CA;5253CA;Nieuwkuijk;;;;;;;;;;;;;;;
103403;103401;Martini Ziekenhuis;De Vrije gang 2;Martini Ziekenhuis buitenpoli Bedum;Buitenpolikliniek;3;9781 NS;9781NS;Bedum;;;;;;;;;;;;;;;
103705;103701;Noodwest Ziekenhuisgroep;Stationsplein 49;Noordwest Ziekenhuisgroep  locatie Heerhugowaard;Buitenpolikliniek;3;1703 WD;1703WD;Heerhugowaard;;;;;;;;;;;;;;;
100102;100101;Academisch Medisch Centrum;Meibergdreef 9;Emma Kinderziekenhuis AMC;Kinderziekenhuis;4;1105 AZ;1105AZ;Amsterdam;;;;;;;;;;;;;;;
101307;101301;Alrijne Zorggroep;Vivaldistraat 73;Alrijne Ziekenhuis Buitenlocatie Lisse;Buitenpolikliniek;3;2162 AB;2162AB;Lisse;;;;;;;;;;;;;;;
100904;100901;Canisius-Wilhelmina Ziekenhuis;St. Annastraat 37;Canisius-Wilhelmina Polikliniek plastische dermatologie;Buitenpolikliniek;3;6525 HB;6525HB;Nijmegen;;;;;;;;;;;;;;;
101902;101901;Flevoziekenhuis;Beneluxlaan 573-579;Flevoland ziekenhuis Buitenpoli Almere Poort;Buitenpolikliniek;3;"	1363 BJ";"	363BJ";Almere;;;;;;;;;;;;;;;
107802;107801;Franciscus Gasthuis & Vlietland Groep;Schiedamse Vest 180;Franciscus Gasthuis Locatie Het Oogziekenhuis;Buitenpolikliniek;3;3011 BH;3011BH;Rotterdam;;;;;;;;;;;;;;;
103009;103001;Jeroen Bosch Ziekenhuis;Marathonloop 9;Sport Medisch Centrum Jeroen Bosch Ziekenhuis;Buitenpolikliniek;3;5235 AA;5235AA;'s-Hertogenbosch;;;;;;;;;;;;;;;
103302;103301;Leids Universitair Medisch Centrum;Albinusdreef 2;Willem-Alexander Kinderziekenhuis;Kinderziekenhuis;4;2333 ZA;2333ZA;Leiden;;;;;;;;;;;;;;;
100203;100201;Maastricht UMC+;Vijverdalseweg 2-4;Stadspoli Oost;Buitenpolikliniek;3;6224 NB;6224NB;Maastricht;;;;;;;;;;;;;;;
100204;100201;Maastricht UMC+;Clavecymbelstraat 71A-77A;Stadspoli West;Buitenpolikliniek;3;6217 CS;6217CS;Maastricht;;;;;;;;;;;;;;;
103706;103701;Noodwest Ziekenhuisgroep;Zonnedauw 1906;Noordwest Ziekenhuisgroep  locatie Limmen;Buitenpolikliniek;3;1906 HA;1906HA;Limmen;;;;;;;;;;;;;;;
